{
  "project_info": {
    "project_number": "1071081792573",
    "firebase_url": "https://virtucard-4529f-default-rtdb.firebaseio.com",
    "project_id": "virtucard-4529f",
    "storage_bucket": "virtucard-4529f.appspot.com"
  },
  "client": [
    {
      "client_info": {
        "mobilesdk_app_id": "1:1071081792573:android:6c31007f85f1cb4d57f654",
        "android_client_info": {
          "package_name": "com.cs307.virtucard"
        }
      },
      "oauth_client": [
        {
          "client_id": "1071081792573-ergti17jtn58rihd8rl4a97kkiige1d4.apps.googleusercontent.com",
          "client_type": 3
        }
      ],
      "api_key": [
        {
          "current_key": "AIzaSyAT-ozprhXfpGEEKxSrdISpGxoSgJO9suw"
        }
      ],
      "services": {
        "appinvite_service": {
          "other_platform_oauth_client": [
            {
              "client_id": "1071081792573-ergti17jtn58rihd8rl4a97kkiige1d4.apps.googleusercontent.com",
              "client_type": 3
            },
            {
              "client_id": "1071081792573-3loiga70s1b76f047bgsoqogb6o3ju3n.apps.googleusercontent.com",
              "client_type": 2,
              "ios_info": {
                "bundle_id": "com.cs307.virtucard"
              }
            }
          ]
        }
      }
    }
  ],
  "configuration_version": "1"
}